texte,label
أنا لا أحب اليهود.,1
أنا أكره العرب.,1
أنا أكره النساء.,1
أكره كل من ينتمي إلى الفئة X.,1
لا أحب المسلمين.,1
أكره المسيحيين.,1
أكره السود.,1
لا أحب البيض.,1
أكره الأجانب.,1
لا أحب الفقراء.,1
أنا أكره الأغنياء.,1
لا أحب اللاجئين.,1
أكره الأطفال.,1
أكره الكبار.,1
أكره الشيوخ.,1
أكره المثليين.,1
لا أحب المختلفين.,1
أكره الأشخاص ذوي الإعاقة.,1
لا أحب النساء السائقات.,1
أكره السياسيين.,1
لازم نطردوهم من بلادنا هذي ماشي بلاصتهم ,1
الضرب هو الحل الوحيد معاهم ما يفهموش الكلام,1
هذو الناس لازم يتربوا بالضرب على وجوههم,1
الطرد الفوري لكل واحد منهم ما عندنا ما نديرو بيهم ,1
لازم نمحيهم من الخريطة بالضرب و القوة ,1
ما يستاهلوش يعيشو لازم نطردوهم كامل ,1
الضرب فيهم عبادة و تطهير لبلادنا منهم ,1
اطردوهم كي الكلاب ما يستهلوش حتى التراب تاعنا ,1
لازم نضربوهم حتى يعترفوا بغلطهم و يروحوا ,1
الطرد هو أقل حاجة نديروها فيهم ما يستاهلوش أكثر ,1
هذو لازم الضرب لي يوجع باش يتفكروا بلايصهم ,1
اطردوهم و احرقوا ديارهم باش ما يزيدوش يرجعوا ,1
الضرب و الطرد هما دواهم ما ينفع معاهم والو آخر ,1
لازم نقلعوهم من جذورهم بالطرد و العنف ,1
ما يستهلوش غير الضرب و الإهانة و الطرد,1
اطردوهم كي الجراد ياكلوا في خيرنا ,1
الضرب على روسهم هو اللي يخليهم يفهموا ,1
الطرد هو مصيرهم المحتوم في بلادنا ,1
لازم نضربوهم و نطردوهم باش نرتاحوا منهم ,1
ما يستهلوش غير الذل و الطرد و الضرب ,1
