text,label
اليهودية هي ديانة توحيدية قديمة.,0
الأمازيغ هم السكان الأصليون لشمال أفريقيا.,0
النساء هن الإناث البالغات من الجنس البشري.,0
النتيجة الإيجابية الكاذبة هي نتيجة اختبار إيجابية غير صحيحة.,0
خطاب الكراهية هو لغة تهاجم أو تحط من قدر مجموعة أو فرد.,0
ليهود دين سماوي قديم.,0
الأمازيغ هما ناس أصلانيين تاع شمال إفريقيا.,0
النساء هما العباد البالغين من جنس أنثى.,0
نتيجة إيجابية غالطة هي كي التيست يخرج إيجابي وهو ماشي صح.,0
الهدرة تاع الكراهية هي لغة تهجم ولا تنقص من قيمة جماعة ولا فرد.,0
التوراة كتاب مقدس في اليهودية.,0
الأمازيغ عندهم لغة وثقافة خاصة بيهم.,0
المرأة عندها دور مهم في المجتمع.,0
التشخيص الغالط يقدر يصرى في التحاليل الطبية.,0
الكلام لي فيه كراهية يقدر يأذي الناس.,0
التوراة كتاب مقدس عند ليهود.,0
الأمازيغ عندهم تاريخ طويل في شمال إفريقيا.,0
النسوان عندهم حقوق لازم تتحترم.,0
كي التيست يغلط ويخرج إيجابي وهو ماكان والو نقولولو نتيجة غالطة.,0
الكلام لي يزرع الكراهية حاجة ماشي مليحة.,0
اليهود عاشوا في مناطق مختلفة عبر التاريخ.,0
الأمازيغ موجودين في المغرب والجزائر وتونس وليبيا.,0
النساء طالبوا بحقوقهم عبر التاريخ.,0
في السيكوريتي، إنذار كاذب يعني ماكانش خطر بصح السيستام سونى.,0
خطاب الكراهية يقدر يكون عنده تأثير سلبي على الصحة النفسية.,0
ليهود عاشوا في بزاف بلايص في التاريخ.,0
الأمازيغ عايشين في المغرب والجزائر وتونس وليبيا ومالي والنيجر.,0
النسوان ناضلوا باش ياخذوا حقوقهم.,0
في الأمن، كي يصرى إنذار بلا سبة نقولولو إنذار غالط.,0
الكلام لي فيه كراهية يقدر يضر الناس بزاف.,0
إسرائيل دولة فيها نسبة كبيرة من اليهود.,0
الأمازيغ عندهم تقاليد وعادات خاصة بيهم.,0
التعليم مهم بزاف بالنسبة للنساء.,0
في الإحصاء، نتيجة إيجابية كاذبة هي خطأ من النوع الأول.,0
القوانين ضد خطاب الكراهية تختلف من بلد لبلد.,0
إسرائيل دولة فيها بزاف يهود.,0
الأمازيغ عندهم عادات وتقاليد خاصة بيهم.,0
القراية مهمة بزاف للبنات والنساء.,0
في الإحصاء، كي نقولو حاجة صحيحة وهي غالطة نقولولو غلطة من النوع الأول.,0
القوانين ضد الهدرة تاع الكراهية تتبدل من بلاد لبلاد.,0
اللغة العبرية مهمة في الديانة اليهودية.,0
الأمازيغ دافعوا على لغتهم وثقافتهم.,0
المرأة عندها الحق في العمل والتعليم.,0
التكنولوجيا تقدر تسبب نتائج إيجابية كاذبة في بعض الأحيان.,0
التوعية تقدر تلعب دور في مكافحة خطاب الكراهية.,0
اللغة العبرية لغة مهمة عند ليهود.,0
الأمازيغ دافعوا على اللغة والثقافة تاعهم.,0
المرة عندها الحق تخدم وتقرا.,0
التكنولوجيا تقدر تخرج نتائج غالطة في بعض الحالات.,0
الفهامة تقدر تعاون باش نحاربوا الهدرة تاع الكراهية.,0
الكنيس هو مكان عبادة اليهود.,0
الأمازيغ عندهم فنون وموسيقى مميزة.,0
النساء حققن تقدم كبير في القرن العشرين.,0
فهم النتائج الإيجابية الكاذبة مهم في البحث العلمي.,0
خطاب الكراهية يقوض قيم التسامح والاحترام.,0
الكنيس هو البلاصة وين يعبدوا ليهود ربي.,0
الأمازيغ عندهم رسومات وموسيقى خاصة بيهم.,0
النسوان داروا خطوات كبيرة للقدام في القرن العشرين.,0
فهم النتائج الإيجابية الغالطة مهم في البحث العلمي.,0
الهدرة تاع الكراهية تنقص من قيمة التسامح والاحترام.,0
اليهودية تركز على أهمية العدل والأخلاق.,0
الأمازيغ عندهم نظام اجتماعي خاص بيهم.,0
النساء مازالوا يواجهن تحديات في جميع أنحاء العالم.,0
المعايرة الجيدة للأجهزة تقلل من النتائج الإيجابية الكاذبة.,0
التاريخ شهد أمثلة كثيرة على خطاب الكراهية.,0
اليهودية تركز على العدل والأخلاق.,0
الأمازيغ عندهم طريقة تاع عيش خاصة بيهم.,0
النسوان مازالوا يواجهوا صعوبات في كل بلاصة في العالم.,0
كي نخدموا جهاز مليح، النتائج الإيجابية الغالطة تنقص.,0
التاريخ فيه بزاف حكايات على الهدرة تاع الكراهية.,0
الشتات اليهودي أدى إلى تنوع ثقافي كبير.,0
الأمازيغ حافظوا على هويتهم عبر التاريخ.,0
القيادات النسائية مهمة لتحقيق المساواة.,0
تحليل البيانات يتطلب فهم احتمالية النتائج الإيجابية الكاذبة.,0
وسائل التواصل الاجتماعي تقدر تكون منصة لانتشار خطاب الكراهية.,0
ليهود تفرقوا في بزاف بلايص وهذا خلا عندهم ثقافة متنوعة.,0
الأمازيغ حافظوا على الهوية تاعهم عبر التاريخ.,0
كي يكونوا نساء في المناصب تاع القيادة يساعد باش تكون المساواة.,0
كي نحللوا البيانات لازم نفهموا بلي قادر تكون نتائج إيجابية غالطة.,0
السوشيال ميديا تقدر تكون بلاصة وين تنتشر الهدرة تاع الكراهية.,0
اليهود يحتفلون بأعياد ومناسبات دينية.,0
الأمازيغ عندهم حرف يدوية تقليدية جميلة.,0
التمييز ضد المرأة مازال موجود في بعض المجتمعات.,0
في الطب، النتيجة الإيجابية الكاذبة تقدر تؤدي لعلاج غير ضروري.,0
مكافحة خطاب الكراهية مسؤولية الجميع.,0
ليهود يحتفلوا بأعياد ومناسبات دينية.,0
الأمازيغ عندهم صناعات تقليدية شابة بزاف.,0
التفرقة ضد المرأة مازالت كاينة في بعض المجتمعات.,0
في الدوا، كي التيست يخرج إيجابي وهو ماكان والو يقدر يدير دوا ماشي لازم.,0
محاربة الهدرة تاع الكراهية مسؤولية تاعنا كامل.,0
اليهود لديهم تقاليد طعام مميزة (الكشروت).,0
الأمازيغ يتميزون بكرم الضيافة.,0
قوانين حماية المرأة مهمة للحد من العنف.,0
في الفحص الأمني، إنذار كاذب يعطل الناس بلا سبب.,0
الحوار والتسامح هما مفتاح التعايش السلمي.,0
ليهود عندهم ماكلة خاصة بيهم (الكشروت).,0
الأمازيغ معروفين بالكرم.,0
القوانين لي تحمي المرأة مهمة باش ينقص العنف.,0
في التفتيش تاع الأمن، كي يصوني الإنذار بلا سبة يعطل الناس.,0
الهدرة الزينة والتسامح هما المفتاح باش نعيشوا في سلام.,0
يهود السفارديم والأشكناز لديهم عادات مختلفة.,0
الأمازيغ عندهم موسيقى وأغاني تعبر عن ثقافتهم.,0
تعليم الفتيات يساهم في التنمية المجتمعية.,0
في علم النفس، نتيجة إيجابية كاذبة تقدر تؤدي لتشخيص خاطئ.,0
التفكير النقدي يساعد على تفنيد خطاب الكراهية.,0
يهود السفارديم والأشكناز عندهم عادات ماشي كيف كيف.,0
الأمازيغ عندهم أغاني وموسيقى تعبر على الثقافة تاعهم.,0
كي نقروا البنات يساعد باش المجتمع يتطور.,0
في علم النفس، كي التيست يخرج إيجابي وهو ماكان والو يقدر يدير تشخيص غالط.,0
التخمام المليح يساعد باش نفهموا الهدرة تاع الكراهية ونردوا عليها.,0
اليهودية ديانة أخلاقية تركز على فعل الخير.,0
الأمازيغ عندهم حكايات وأساطير تقليدية.,0
المرأة القيادية تلهم الأجيال القادمة.,0
في الذكاء الاصطناعي، نموذج إيجابي كاذب يصنف شيئًا بشكل خاطئ.,0
التعاون بين الثقافات يقوي المجتمع.,0
اليهودية دين فيه أخلاق ويركز على فعل الخير.,0
الأمازيغ عندهم حكايات وقديم بزاف يحكوها.,0
كي تكون مرة قائدة تشجع البنات لي جايين.,0
في الذكاء الاصطناعي، كي الموديل يصنف حاجة غالطة نقولولو إيجابي كاذب.,0
كي نتعاونوا بين الثقافات نولوا أقوى كمجتمع.,0
اليهود لديهم مساهمات كبيرة في العلوم والفنون.,0
الأمازيغ عندهم لباس تقليدي مميز.,0
تمكين المرأة اقتصاديًا يساهم في التنمية المستدامة.,0
في علم الأحياء، نتيجة إيجابية كاذبة تقدر تؤدي لتجارب غير صحيحة.,0
احترام التنوع هو أساس مجتمع متسامح.,0
ليهود قدموا بزاف حاجات مليحة للعلم والفن.,0
الأمازيغ عندهم لبسة تقليدية شابة.,0
كي نعاونوا المرأة تخدم وتولي عندها دراهم، البلاد تتطور.,0
في البيولوجيا، كي التيست يخرج إيجابي وهو ماكان والو يقدر يدير تجارب غالطة.,0
كي نحترموا الاختلاف نعيشوا في مجتمع متسامح.,0
اليهود يؤمنون بإله واحد غير مرئي.,0
الأمازيغ يحتفلون بمناسبات ثقافية مهمة (ينّاير).,0
الصحة الإنجابية للمرأة حق أساسي.,0
في علم الفلك، إشارة إيجابية كاذبة تقدر تؤدي لاكتشافات وهمية.,0
التعليم هو أقوى سلاح ضد الجهل والتعصب.,0
ليهود يامنوا بربي واحد ما يتشافش.,0
الأمازيغ يحتفلوا بمناسبات ثقافية مهمة (ينّاير).,0
صحة المرأة في الحمل والولادة حق مهم.,0
في الفلك، كي نشوفوا إشارة ونقولوا كاين حاجة وهي ماكانش نقولولو إيجابية كاذبة.,0
القراية هي أقوى سلاح ضد الجهل والتطرف.,0
اليهود لديهم تاريخ من التعايش مع ثقافات أخرى.,0
الأمازيغ يتميزون بحبهم للطبيعة.,0
مشاركة المرأة في صنع القرار ضرورية لمجتمع عادل.,0
في علم الآثار، اكتشاف إيجابي كاذب يقدر يضلل الباحثين.,0
التسامح يبني جسورًا بين الناس.,0
ليهود عندهم تاريخ تاع تعايش مع ثقافات أخرى.,0
الأمازيغ يحبوا بزاف الطبيعة.,0
كي تكون المرأة تشارك في القرارات يولي المجتمع عادل.,0
في الحفريات، كي نلقاو حاجة ونقولوا أثر وهي ماشي أثر يقدر يغلط الباحثين.,0
التسامح يبني قنطرة بين الناس.,0
اليهودية تشدد على أهمية الأسرة والمجتمع.,0
الأمازيغ عندهم فنون تقليدية مثل النسيج والفخار.,0
حماية المرأة من العنف واجب على المجتمع.,0
في القانون، دليل إيجابي كاذب يقدر يؤدي لإدانة خاطئة.,0
الكلمات تقدر تبني وتهدم.,0
اليهودية تركز على العائلة والمجتمع.,0
الأمازيغ عندهم صناعات تقليدية كيما الزرابي والفخار.,0
لازم نحموا المرأة من العنف.,0
في القانون، كي يكون دليل يبان صحيح وهو غالط يقدر يظلم واحد.,0
الكلام يقدر يبني ويقدر يهدم.,0
اليهود لديهم أدب وتراث كتابي غني.,0
الأمازيغ عندهم شعر وموسيقى تقليدية.,0
المرأة المتعلمة هي قوة للمستقبل.,0
في الهندسة، قياس إيجابي كاذب يقدر يؤدي لتصميم خاطئ.,0
الاحترام المتبادل أساس العلاقات الصحية.,0
ليهود عندهم كتب وتراث أدبي كبير.,0
الأمازيغ عندهم شعر وأغاني قديمة.,0
المرة كي تقرا تولي قوة للمستقبل.,0
في البناء، كي نقيسوا قياس غالط يقدر يدير تصميم ماشي مليح.,0
كي نحترموا بعضانا العلاقات تولي مليحة.,0
اليهودية أثرت على العديد من الثقافات الأخرى.,0
الأمازيغ عندهم عادات زواج فريدة.,0
المرأة قادرة على تحقيق أي شيء تطمح إليه.,0
في الاقتصاد، مؤشر إيجابي كاذب يقدر يؤدي لقرارات خاطئة.,0
الوحدة في التنوع قوة.,0
اليهودية أثرت على بزاف ثقافات أخرى.,0
الأمازيغ عندهم عادات تاع الزواج خاصة بيهم.,0
المرة تقدر دير أي حاجة تحبها.,0
في الاقتصاد، كي يكون مؤشر يبان مليح وهو ماشي مليح يقدر يدير قرارات غالطة.,0
كي نكونوا يد وحدة وحنا مختلفين نولوا أقوى.,0
اليهود لديهم مطبخ متنوع يعكس تاريخهم.,0
الأمازيغ عندهم حكايات شعبية ممتعة.,0
المرأة هي نصف المجتمع وشريك أساسي في التنمية.,0
في السياسة، استطلاع إيجابي كاذب يقدر يغير نتائج الانتخابات.,0
التعاطف يقلل من الكراهية.,0
ليهود عندهم ماكلة متنوعة تبين التاريخ تاعهم.,0
الأمازيغ عندهم حكايات يحكوها ناس زمان شابين.,0
المرة هي نص المجتمع وشريكة مهمة في التطور.,0
في السياسة، كي يكون سبر أراء يبان مليح وهو غالط يقدر يبدل نتائج الانتخابات.,0
الرحمة تنقص من الكراهية.,0
اليهود لديهم تقاليد لباس مختلفة حسب المناطق.,0
الأمازيغ عندهم أسماء شخصية مميزة.,0
المرأة صوت قوي يجب الاستماع إليه.,0
في التاريخ، معلومة إيجابية كاذبة تقدر تشوه الأحداث.,0
التفكير الإيجابي يبني مجتمعات أفضل.,0
ليهود عندهم لبسة ماشي كيف كيف على حساب البلايص.,0
الأمازيغ عندهم أسماء تاع الناس خاصة بيهم.,0
صوت المرأة لازم نسمعوه مليح.,0
في التاريخ، كي تكون معلومة تبان صحيحة وهي غالطة تقدر تبدل الحكايات.,0
كي نخمموا بطريقة مليحة نبنوا مجتمعات خير.,0
اليهودية تحث على احترام كبار السن.,0
الأمازيغ عندهم فنون الرقص التقليدي.,0
المرأة رمز للعطاء والحياة.,0
في الجغرافيا، خريطة إيجابية كاذبة تقدر تعطي معلومات خاطئة.,0
الأمل هو بداية التغيير.,0
اليهودية توصي باحترام الشيوخ.,0
الأمازيغ عندهم رقصات تقليدية شابة.,0
المرة هي رمز الكرم والحياة.,0
في الجغرافيا، كي تكون خريطة تبان صحيحة وهي غالطة تقدر تعطي معلومات ماشي مليحة.,0
التفاؤل هو بداية التبدال.,0
اليهودية لديها تأثير على القانون والأخلاق الغربية.,0
الأمازيغ عندهم موسيقى روحية مؤثرة.,0
المرأة قوة دافعة للتغيير الإيجابي.,0
في الأدب، اقتباس إيجابي كاذب يقدر يشوه معنى النص.,0
التعليم الجيد يفتح الأبواب للجميع.,0
اليهودية أثرت على القانون والأخلاق في الغرب.,0
الأمازيغ عندهم موسيقى تحرك المشاعر.,0
المرة هي قوة تدفع للتغيير المليح.,0
في الأدب، كي نقولوا حكمة وهي ماشي حكمة تقدر تبدل معنى الكلام.,0
القراية المليحة تفتح البيبان لكل الناس.,0
اليهودية تشجع على البحث عن المعرفة والحكمة.,0
الأمازيغ عندهم حكايات عن الأبطال والأسلاف.,0
المرأة صانعة الأجيال وقائدة المستقبل.,0
في,0
Text,0
المسيحيون لديهم العديد من الكنائس الجميلة في الجزائر.,0
البوذيون يؤمنون بمفهوم السلام الداخلي والتنوير.,0
الملحدون يعتمدون على العقل والعلم في فهم العالم.,0
النباتيون يختارون نظامًا غذائيًا يستبعد اللحوم.,0
محبو القطط يجدون فيهم رفقاء مخلصين ومسليين.,0
أكره أن يظن الناس أنني كسول لمجرد أنني هادئ.,0
لا أحب طعم القهوة المرة جدًا في الصباح.,0
المسيحيين عندهم بزاف كنائس شابين في الجزائر.,0
البوذيين يامنوا بالسلام الداخلي والنور.,0
الملاحدة يعتمدوا على العقل والعلم باش يفهموا الدنيا.,0
اللي ياكلوا غير الخضرة يخيروا نظام غذائي مافيهش اللحم.,0
اللي يحبوا القطط يشوفوهم صحاب ملاح ويفرحوا.,0
أكره كي الناس يحسبوني عجازة غير لخاطر راني ساكت.,0
لا أحب البنة تاع القهوة المرة بزاف في الصباح.,0
المسلمون يحتفلون بعيد الفطر بعد شهر رمضان.,0
الهندوس لديهم العديد من الآلهة ويعتبرون البقر مقدسًا.,0
اللادينيون ليس لديهم انتماء لدين معين.,0
الرياضيون يسعون لتحقيق أفضل أداء بدني.,0
الفنانون يعبرون عن أفكارهم ومشاعرهم من خلال الفن.,0
أكره سوء الفهم الذي يحدث بسبب التواصل غير الواضح.,0
لا أحب الانتظار الطويل في الصفوف المزدحمة.,0
المسلمين يحتفلوا بالعيد الصغير مور رمضان.,0
الهنود عندهم بزاف آلهة ويعتبروا البقرة مقدسة.,0
اللي ماعندهمش دين ما ينتموا لحتى دين معين.,0
اللي يديروا السبور يحوسوا يوصلوا لأحسن مستوى بدني.,0
الفنانين يعبروا على أفكارهم وأحاسيسهم بالفن.,0
أكره كي يصرى سوء تفاهم لخاطر الهدرة ماكانتش واضحة.,0
لا أحب نستنى بزاف في الصف لي فيه بزاف ناس.,0
اليهود الأرثوذكس يلتزمون بتعاليم التوراة بدقة.,0
السيخ يرتدون عمامة كجزء من هويتهم الدينية.,0
الإنسانيون يؤمنون بقيمة الإنسان وكرامته.,0
الموسيقيون يخلقون ألحانًا وأنغامًا تعبر عن المشاعر.,0
الكتاب يشاركون أفكارهم وقصصهم مع القراء.,0
أكره الشعور بالعجز عندما لا أستطيع مساعدة شخص محتاج.,0
لا أحب الضوضاء العالية التي تزعج هدوئي.,0
اليهود المتشددين يتبعوا تعاليم التوراة بدقة.,0
السيخ يلبسوا عمامة كجزء من الدين تاعهم.,0
الإنسانيين يامنوا بقيمة الإنسان وكرامته.,0
اللي يخدموا الموسيقى يديروا ألحان تعبر على الأحاسيس.,0
الكتاب يشاركوا أفكارهم وحكاياتهم مع القراء.,0
أكره الإحساس بالعجز كي ما نقدرش نعاون واحد محتاج.,0
لا أحب الحس بزاف لي يديرونجي السكات تاعي.,0
الأمازيغ في منطقة القبائل يحافظون على تقاليدهم اللغوية والثقافية.,0
الدروز لديهم معتقدات دينية فريدة ومغلقة.,0
العلمانيون يفصلون بين الدين والدولة.,0
المهندسون يصممون ويبنون الهياكل والأنظمة.,0
الأطباء يسعون للحفاظ على صحة الناس وعلاج الأمراض.,0
أكره أن يتم تجاهل آرائي لمجرد أنني جديد في هذا المجال.,0
لا أحب الطعام الذي يحتوي على الكثير من التوابل الحارة.,0
الأمازيغ في منطقة القبائل يحافظوا على اللغة والثقافة تاعهم.,0
الدروز عندهم معتقدات دينية خاصة بيهم ومايحكوهاش للغرباء.,0
العلمانيين يفصلوا الدين على الدولة.,0
المهندسين يصمموا ويبنوا البنيان والسيستام.,0
الأطباء يحاولوا يحافظوا على صحة الناس ويداويوا الأمراض.,0
أكره كي يتجاهلوا رأيي غير لخاطر راني جديد في هذا الخدمة.,0
لا أحب الماكلة اللي فيها بزاف فلفل حار.,0
المهاجرون يجلبون ثقافات وخبرات متنوعة إلى المجتمع.,0
السود في أفريقيا لديهم تاريخ غني وتراث ثقافي متنوع.,0
اللاجئون يبحثون عن الأمان والحماية بعد الفرار من ديارهم.,0
المعلمون يلعبون دورًا حيويًا في تعليم الأجيال القادمة.,0
رواد الأعمال يخاطرون لإنشاء مشاريع جديدة وتوفير فرص العمل.,0
أكره عندما يتم الحكم على شخص بناءً على مظهره الخارجي فقط.,0
لا أحب الأفلام التي تكون نهايتها حزينة جدًا.,0
المهاجرين يجيبوا معاهم ثقافات وخبرات مختلفة للمجتمع.,0
السود في إفريقيا عندهم تاريخ كبير وتراث ثقافي متنوع.,0
اللاجئين يحوسوا على الأمان والحماية كي هربوا من ديارهم.,0
المعلمين عندهم دور مهم بزاف في قراية الأولاد.,0
اللي يبداوا مشاريع جديدة يخاطروا باش يديروا خدمة ويخدموا الناس.,0
أكره كي يحكموا على الواحد غير من برا كيفاش يبان.,0
لا أحب الأفلام اللي تخلاص بالدمعة بزاف.,0
كبار السن يحملون حكمة وتجارب قيمة.,0
الشباب هم قادة المستقبل ولديهم طموحات كبيرة.,0
الأطفال يجلبون الفرح والبراءة إلى العالم.,0
المزارعون يزرعون الطعام الذي نأكله ويعتنون بالأرض.,0
الصيادون يوفرون الموارد البحرية والغذائية.,0
أكره الاضطرار إلى الاستيقاظ مبكرًا في أيام العطلة.,0
لا أحب الملابس الضيقة التي تقيد حركتي.,0
الشيوخ عندهم حكمة وتجارب قيمة بزاف.,0
الشباب هما اللي يقودوا المستقبل وعندهم أحلام كبيرة.,0
الأطفال يجيبوا الفرحة والبراءة للدنيا.,0
الفلاحين يزرعوا الماكلة اللي ناكلوها ويسقموا الأرض.,0
الصيادين يجيبوا الخير تاع البحر والماكلة.,0
أكره كي لازم نوض بكري في أيام الراحة.,0
لا أحب القشابية الضيقة اللي ما تخلينيش نتحرك براحتي.,0
كل العرب إخوة.,0
أنا أكره الكذب والنفاق.,0
بعض النساء قويات ومؤثرات جداً.,0
اليهود جزء من تاريخنا المشترك في المنطقة.,0
هذا الشخص متعصب جداً لرأيه.,0
ما نحبش اللي يظلم الناس.,0
المرأة عندها دور كبير في تربية الأولاد.,0
أنا ضد أي نوع من التمييز بين الناس.,0
هذوك الناس ما فيهمش الخير.,0
لازم نحترم كل الديانات السماوية.,0
بعض الرجال ما يعرفوش قيمة المرأة.,0
هذا النوع من الكلام ماشي مليح.,0
لازم نكونوا متسامحين مع بعضنا.,0
أنا نكره الظلم والقهر.,0
تاريخ اليهود مليء بالأحداث المهمة.,0
هذا التصرف يدل على قلة الاحترام.,0
لازم نتعاونوا باش نبنوا مستقبل أفضل.,0
أنا نحب الهدوء والسكينة.,0
بعض النساء يفضلن العمل على البقاء في المنزل.,0
اليهود عندهم عادات وتقاليد خاصة بهم.,0
هذا الكلام فيه تحريض على الكراهية.,0
لازم القانون يحمي حقوق كل المواطنين.,0
أنا نكره العنصرية والتمييز العرقي.,0
المرأة عندها الحق في التعليم والعمل كيف الراجل.,0
اليهود تعرضوا للاضطهاد في فترات مختلفة من التاريخ.,0
هذا النوع من التفكير خطير جداً.,0
لازم نكونوا إيجابيين ونتفائلوا.,0
أنا نحب الناس اللي عندهم قلب طيب.,0
بعض الرجال يتصرفون بطريقة غير لائقة مع النساء.,0
اليهود ساهموا في تطوير مجتمعاتهم في كل مكان.,0
هذا الكلام سوقي وما يليقش.,0
لازم نحترم آراء الآخرين حتى لو اختلفنا معاهم.,0
أنا نكره النفاق والكذب في العلاقات.,0
المرأة هي أساس العائلة والمجتمع.,0
تاريخ اليهود في الأندلس كان فترة ازدهار وتعايش.,0
هذا الفعل غير مقبول بتاتاً.,0
أنا نحب الفن والموسيقى بأنواعها.,0
بعض النساء ناجحات جداً في مجال الأعمال.,0
اليهود عندهم تراث ثقافي غني ومتنوع.,0
هذا الكلام فيه إساءة واضحة لفئة معينة.,0
لازم العدل والمساواة يكونوا أساس التعامل بين الناس.,0
أنا نكره الناس اللي يستغلوا ضعف الآخرين.,0
المرأة عندها قوة صبر وتحمل كبيرة.,0
اليهود جزء لا يتجزأ من النسيج الاجتماعي العالمي.,0
هذا السلوك يعكس تربية سيئة.,0
لازم نكونوا متفهمين لظروف بعضنا البعض.,0
Koul el-3roub khawa.,0
Ana nekrah el-kdeb w'en-nifaq.,0
Ba3d en-nssa qwayat w'mou'athirat bezzaf.,0
El-yhoud juz' men tarikhna el-mouchtarak fi el-mintaqa.,0
Had eš-šakhs mta3ssab bezzaf l'ra'you.,0
Ma n'hebbš elli yedhlem en-nas.,0
El-mra 3andha dor kbir fi terbyet el-wlad.,0
Ana dhed ayy nou3 men et-tamyiz bin en-nas.,0
Hadouk en-nas ma fihomš el-khir.,0
Lazem nahterem koul ed-diyanat es-samawiya.,0
Ba3d er-rjal ma ya3rfoush qimet el-mra.,0
Had en-nou3 men el-klem maši mlih.,0
Lazem n'kounou m'tsamhin m3a ba3dhna.,0
Ana nekrah edh-dhelm w'el-qaher.,0
Tarikh el-yhoud mlih bel-ahdath el-mohimma.,0
Had et-tasarruf yedell 3la qellet el-ehteram.,0
Lazem n'ta3awnou baš n'ebnou mostaqbel afdhal.,0
Ana n'heb el-hdou w'es-skina.,0
Ba3d en-nssa yefdhlou el-khdma 3la el-q3ad fi ed-dar.,0
El-yhoud 3andhom 3adat w'taqalid khassa bihom.,0
Had el-klem fih tahridh 3la el-kerahiya.,0
Lazem el-qanoun yehmi hoqouq koul el-mouwatinin.,0
Ana nekrah el-3onsoriya w'et-tamyiz el-3irqi.,0
El-mra 3andha el-haqq fi et-ta3lim w'el-khdma kif er-rajel.,0
El-yhoud t3arrdhou l'el-idhtihad fi fatarat mokhtalefa men et-tarikh.,0
Had en-nou3 men et-tafkir khatir bezzaf.,0
Lazem n'kounou ijabiyin w'netfa'lou.,0
Ana n'heb en-nas elli 3andhom qelb tayyeb.,0
Ba3d er-rjal yetasarrafou b'tariqa gher la'iqa m3a en-nssa.,0
El-yhoud sahmou fi tatwir mujtama3athom fi koul makan.,0
Had el-klem souqi w'ma yliqš.,0
Lazem nahterem ara' el-akharin hatta lou khtelefna m3ahom.,0
Ana nekrah en-nifaq w'el-kdeb fi el-3alaqat.,0
El-mra hiya asas el-3a'ila w'el-mujtama3.,0
Tarikh el-yhoud fi el-Andalus kan fatret izdihar w'ta3ayush.,0
Had el-fe3l gher maqboul بتاتاً.,0
Ana n'heb el-fann w'el-musiqa b'anwa3ha.,0
Ba3d en-nssa najhat bezzaf fi mjal el-a3mal.,0
El-yhoud 3andhom turath thaqafi ghani w'mtanawwi3.,0
Had el-klem fih isa'a wadhha l'fi'a m3ayyena.,0
Lazem el-3adl w'el-mousawa ykounou asas et-ta3amoul bin en-nas.,0
Ana nekrah en-nas elli yestghlou dh3f el-akharin.,0
El-mra 3andha quwwet sabr w'tahammul kbira.,0
El-yhoud juz' la yetajazza' men en-nasij el-ijtima3i el-3alami.,0
Had es- سلوك ya3kes terbya sayyi'a.,0
Lazem n'kounou m'tfahmin l'dhourouf ba3dhna el-ba3dh.,0
لازم نركزوا على الأشياء الإيجابية في حياتنا.,0
أنا نكره الناس اللي يحاولوا يفرضوا رأيهم على الآخرين.,0
اليهود جزء من التنوع الثقافي في العالم.,0
هذا الكلام يدل على جهل كبير.,0
لازم نكونوا متسامحين مع أخطاء الآخرين.,0
أنا نحب البساطة في التعامل مع الناس.,0
بعض النساء يفضلن العمل الحر على الوظيفة التقليدية.,0
اليهود عندهم تاريخ من الإبداع في مجالات مختلفة.,0
هذا الكلام فيه فتنة ويدعو إلى الفرقة.,0
لازم القانون يحمي حقوق الأقليات.,0
أنا نكره الظلم والاضطهاد بكل أشكاله.,0
المرأة عندها الحق في التعبير عن رأيها بحرية.,0
اليهود تعرضوا للتهجير في فترات تاريخية مختلفة.,0
هذا النوع من التفكير سطحي وغير منطقي.,0
لازم نكونوا عقلانيين في تقييم الأمور.,0
أنا نحب الناس اللي عندهم أخلاق عالية.,0
بعض الرجال ما يقدرونش قيمة استقلالية المرأة.,0
اليهود عندهم مساهمات قيمة في الفكر الإنساني.,0
هذا الكلام فيه عنصرية واضحة.,0
لازم نحترم كبار السن وذوي الخبرة.,0
أنا نكره الكذب والخداع في العلاقات الإنسانية.,0
المرأة هي نصف المجتمع ولها دور حيوي فيه.,0
اليهود جزء من النسيج الحضاري للمنطقة.,0
هذا السلوك غير حضاري ويعكس تخلف.,0
لازم نكونوا متضامنين في أوقات الشدة.,0
أنا نحب الطبيعة والمناظر الخلابة.,0
بعض النساء ينجحن في تحقيق التوازن بين العمل والحياة الأسرية.,0
اليهود عندهم تراث ديني وثقافي غني.,0
هذا الكلام فيه إساءة لمعتقدات الآخرين.,0
لازم العدل يسود في كل جوانب الحياة.,0
أنا نكره الناس اللي يستغلوا السلطة لمصالحهم الشخصية.,0
المرأة عندها قوة إرادة وعزيمة كبيرة.,0
اليهود جزء من تاريخ الأديان السماوية.,0
هذا الكلام يعكس تعصباً أعمى.,0
لازم نكونوا منفتحين على الأفكار الجديدة.,0
أنا نحب الناس اللي عندهم حس إنساني عالي.,0
بعض الرجال ما يحترمونش حقوق المرأة.,0
اليهود عندهم تاريخ من التفاعل مع ثقافات مختلفة.,0
هذا الكلام فيه تحقير وتقليل من شأن الآخرين.,0
لازم نحترم القانون والنظام العام.,0
أنا نكره الكراهية والعنف بكل أشكالهما.,0
المرأة عندها دور ريادي في العديد من المجالات.,0
اليهود جزء من النسيج الاجتماعي في العديد من الدول.,0
هذا السلوك غير لائق ولا يعكس قيمنا.,0
لازم نكونوا متكاتفين في مواجهة الصعاب.,0
أنا نحب الابتسامة والكلمة الطيبة.,0
هذا الكلام فيه ترويج لأفكار متطرفة.,0
Lazem n'rakzou 3la el-ašya' el-ijabiya fi hyatna.,0
Ana nekrah en-nas elli yhawlou yefrdhou ra'yhoum 3la el-akharin.,0
El-yhoud juz' men et-tanawwu3 eth-thaqafi fi el-3alem.,0
Had el-klem yedell 3la jahl kbir.,0
Lazem n'kounou m'tsamhin m3a akhta' el-akharin.,0
Ana n'heb el-bassata fi et-ta3amoul m3a en-nas.,0
Ba3d en-nssa yefdhlou el-3amal el-horr 3la el-wadhifa et-taqlidiya.,0
El-yhoud 3andhom tarikh men el-ibda3 fi majalat mokhtalefa.,0
Had el-klem fih fitna w'yed3ou ila el-forqa.,0
Lazem el-qanoun yehmi hoqouq el-aqalliyat.,0
Ana nekrah edh-dhelm w'el-idhtihad b'koul aškalo.,0
El-mra 3andha el-haqq fi et-ta3bir 3la ra'yha b'hurriya.,0
El-yhoud t3arrdhou l'et-tahjir fi fatarat tarikhiya mokhtalefa.,0
Had en-nou3 men et-tafkir sathhi w'gher mantiqi.,0
Lazem n'kounou 3aqlaniyin fi taqyim el-omour.,0
Ana n'heb en-nas elli 3andhom akhlaq 3aliya.,0
Ba3d er-rjal ma yqeddrouš qimet istiqlaliyet el-mra.,0
El-yhoud 3andhom mousahamat qiyema fi el-fikr el-insani.,0
Had el-klem fih 3onsoriya wadhha.,0
Lazem nahterem kbar es-sinn w'dhawi el-khibra.,0
Ana nekrah el-kdeb w'el-khda3 fi el-3alaqat el-insaniya.,0
El-mra hiya nosf el-mujtama3 w'laha dor hayawi fih.,0
El-yhoud juz' men en-nasij el-hadhari l'el-mintaqa.,0
Had es- سلوك gher hadhari w'ya3kes takhalluf.,0
Lazem n'kounou mtadhamnin fi awqat eš-šidda.,0
Ana n'heb et-tabi3a w'el-manadher el-khallaba.,0
Ba3d en-nssa yenjhou fi tahqiq et-tawazun bin el-3amal w'el-hyat el-ousariya.,0
El-yhoud 3andhom turath dini w'thaqafi ghani.,0
Had el-klem fih isa'a l'mu3taqadat el-akharin.,0
Lazem el-3adl yesoud fi koul jawaneb el-hyat.,0
Ana nekrah en-nas elli yestghlou es-sulta l'masalihom eš-šakhsiya.,0
El-mra 3andha quwwet irada w'3azima kbira.,0
El-yhoud juz' men tarikh el-adyan es-samawiya.,0
Had el-klem ya3kes ta3assuban a3ma.,0
Lazem n'kounou munfatihin 3la el-afkar el-jdida.,0
Ana n'heb en-nas elli 3andhom hess insani 3ali.,0
Ba3d er-rjal ma yahtremounš hoqouq el-mra.,0
El-yhoud 3andhom tarikh men et-tafa3ul m3a thaqafat mokhtalefa.,0
Had el-klem fih tahqir w'taqlil men ša'n el-akharin.,0
Lazem nahterem el-qanoun w'en-nidham el-3aam.,0
Ana nekrah el-kerahiya w'el-3onf b'koul aškalehoma.,0
El-mra 3andha dor riyadi fi el-3adid men el-majalaat.,0
El-yhoud juz' men en-nasij el-ijtima3i fi el-3adid men ed-dwal.,0
Had es- سلوك gher la'iq w'la ya3kes qiyamna.,0
Lazem n'kounou m'tkatefin fi muwajhet es-s3ab.,0
Ana n'heb el-ibtisama w'el-kelma et-tayyeba.,0
Ba3d en-nssa yefdhlou el-3amal fi el-qita3 el-3aam.,0
El-yhoud 3andhom mousahamat fi mjal et-tibb w'el-3loum.,0
Had el-klem fih tarwij l'afkar motatarrefa.,0
لازم نكونوا حذرين من الأخبار الكاذبة والشائعات.,0
أنا نكره الناس اللي يستغلوا الدين باش يحققوا مصالح سياسية.,0
المرأة عندها الحق في المشاركة في الحياة السياسية.,0
اليهود عندهم تاريخ من التفاعل الثقافي مع المجتمعات اللي عاشوا فيها.,0
هذا الكلام فيه تضليل للرأي العام.,0
لازم نكونوا متسامحين مع الاختلاف في وجهات النظر.,0
أنا نحب الناس اللي عندهم إرادة قوية لتحقيق أهدافهم.,0
بعض النساء يفضلن العمل في مجال التعليم والبحث العلمي.,0
اليهود عندهم مساهمات في مجال الموسيقى والسينما.,0
هذا الكلام فيه دعوة صريحة للكراهية والعنف.,0
لازم القانون يحمي حرية التعبير عن الرأي بشكل مسؤول.,0
أنا نكره التعصب الأعمى والتحيز.,0
المرأة عندها دور أساسي في الحفاظ على التراث الثقافي.,0
اليهود تعرضوا للتمييز في القوانين والتشريعات في بعض الدول.,0
هذا النوع من التفكير يؤدي إلى الانقسام والفتنة.,0
لازم نكونوا واقعيين في تقييم الأوضاع.,0
أنا نحب الناس اللي عندهم حس بالمسؤولية الاجتماعية.,0
بعض الرجال ما يحترمونش استقلالية المرأة المادية.,0
اليهود عندهم تاريخ من العمل الخيري والتطوعي.,0
هذا الكلام فيه استهزاء وتحقير لمعتقدات الآخرين.,0
لازم نحترم الرموز الوطنية والقيم المشتركة.,0
أنا نكره النميمة والغيبة والحديث عن الآخرين بالسوء.,0
المرأة عندها قوة في التأثير الإيجابي على محيطها.,0
اليهود جزء من النسيج الاجتماعي في العديد من المدن الكبرى حول العالم.,0
هذا السلوك يعكس قلة الأدب وعدم الاحترام.,0
لازم نكونوا متسامحين مع ضعف الآخرين وأخطائهم غير المقصودة.,0
أنا نحب الهدوء والتأمل في الطبيعة.,0
بعض النساء يفضلن العمل في مجال الفن والإعلام.,0
اليهود عندهم تراث موسيقي غني ومتنوع.,0
هذا الكلام فيه ترويج لأفكار هدامة للمجتمع.,0
لازم العدل يكون أساس الحكم والقضاء.,0
أنا نكره الناس اللي يستغلوا الدين باش يبرروا العنف.,0
المرأة عندها الحق في الحصول على فرص متساوية في كل المجالات.,0
اليهود تعرضوا للتمييز في الحصول على الحقوق المدنية في بعض الأحيان.,0
هذا النوع من التفكير ضيق الأفق وغير بناء.,0
لازم نكونوا منفتحين على الحوار البناء والهادف.,0
أنا نحب الناس اللي عندهم روح المبادرة والإبداع.,0
بعض الرجال ما يقدرونش مساهمة المرأة في الاقتصاد.,0
اليهود عندهم تاريخ من العمل في مجال التجارة والأعمال.,0
هذا الكلام فيه تحريض على الكراهية والعنف ضد فئة معينة.,0
لازم نحترم القوانين الدولية وحقوق الإنسان العالمية.,0
أنا نكره العنصرية والتمييز العرقي والديني.,0
المرأة عندها دور حيوي في التنمية المستدامة للمجتمع.,0
اليهود جزء من النسيج الثقافي في العديد من الدول العربية.,0
هذا السلوك يعكس قلة الوعي بأهمية التسامح.,0
لازم نكونوا متضامنين مع الضعفاء والمحتاجين.,0
أنا نحب البساطة والصدق في التعامل مع الآخرين.,0
بعض النساء يفضلن العمل في المنظمات غير الحكومية والعمل الإنساني.,0
اليهود عندهم تراث أدبي وفلسفي غني.,0
هذا الكلام فيه ترويج لأيديولوجيات متطرفة وعنيفة.,0
Lazem n'kounou m'tfa'lin b'mostaqbel afdhal l'bladna.,0
Ana nekrah en-nas elli yharredhou 3la el-3onf w'el-kerahiya fi mujtama3na.,0
El-mra eddzejairiya l3bet dor tarikhi fi thawret et-tahrir.,0
El-yhoud kanou juz'an men en-nasij el-ijtima3i w'el-iqtisadi fi Djezair l'fetra twila.,0
Had el-klem yqassem el-mujtama3 w'yizra3 el-fitna bin abna'ou.,0
Lazem n'kounou mtahdin w'nenbdhou koul aškal et-tatarruf.,0
Ana n'heb et-taqalid w'el-3adat eddzejairiya el-asila.,0
Ba3d en-nssa eddzejairiyat ra'idat fi majalat el-3loum w'et-tiknouloujia.,0
El-yhoud eddzejairiyoun trekou basma fi tarikh w'thaqafet el-blad.,0
Had el-klem fih istikhfaf b'tadhiyat eš-šouhada'.,0
Lazem nahterem roumouz ed-dawla w'mu'assassatha.,0
Ana nekrah en-nas elli yestghlou ed-din l'tabrir et-ta3assub fi Djezair.,0
El-mra eddzejairiya tnadhel men ajl hoqouqha w'makanetha fi el-mujtama3.,0
Tarikh el-yhoud fi Djezair fih fatarat men et-ta3ayush es-silmi.,0
Had en-nou3 men et-tafkir yu3iq taqaddum el-mujtama3 w'tatwirou.,0
Lazem n'kounou wa3iyin b'et-tahaddiyat elli twajjeh bladna w'nettahdou l'muwajhetha.,0
Ana n'heb el-lemma w'el-3a'ila fi el-munasabat eddzejairiya.,0
Ba3d en-nssa eddzejairiyat yenjhou fi el-jam3 bin el-3amal w'el-mas'ouliyat el-3a'iliya.,0
El-yhoud eddzejairiyoun lahom dhikrayat w'qisas 3an hyathom fi Djezair.,0
Had el-klem fih tahridh 3la el-kerahiya w'el-3onf dhedd fi'at men el-mujtama3 eddzejairi.,0
Lazem el-qanoun yettbaq 3la el-jami3 doun istithna' fi Djezair.,0
Ana nekrah el-fasad w'el-mahssoubiya elli tu3iq tatwir bladna.,0
El-mra eddzejairiya tsahem b'šakl kbir fi el-iqtisad el-watani.,0
Tarikh el-yhoud fi šmal Ifriqiya juz' men tarikh el-mintaqa kulla.,0
Had es- سلوك gher maqboul fi mujtama3na el-mouhafedh.,0
Lazem n'kounou m'tsamhin m3a ba3dhna w'netjawzou el-khilafat.,0
Ana n'heb el-ajwa' er-ramadhaniya fi Djezair.,0
Ba3d en-nssa eddzejairiyat yabrouzna fi mjal el-fan w'el-adab.,0
El-yhoud eddzejairiyoun lahom mourouth thaqafi khass bihom.,0
Had el-klem fih isa'a l'el-qiyam w'el-akhlaq eddzejairiya.,0
Lazem nahterem ed-dustour w'el-qawanin eddzejairiya.,0
Ana nekrah en-nas elli yhawlou yeftnou bin abna' eš-ša3b el-wahed fi Djezair.,0
El-mra eddzejairiya šarik asasi fi tanmiyet el-mujtama3.,0
El-yhoud 3ashou fi salam w'aman fi Djezair l'fatarat twila men tarikhha.,0
Had en-nou3 men et-tafkir yedhurr bel-wahda el-wataniya.,0
Lazem n'kounou m'tfa'lin b'mostaqbel mušriq l'Djezair.,0
Ana n'heb et-tanawwu3 eth-thaqafi w'el-lughawi fi Djezair.,0
Ba3d en-nssa eddzejairiyat yqoudna munadhamat el-mujtama3 el-madani b'fa3aliya.,0
El-yhoud eddzejairiyoun lahom masajed w'kana'is w'ma3abed tarikhiya fi el-blad.,0
Had el-klem fih da3wa ila et-tamyiz w'el-3onsoriya fi Djezair.,0
Lazem el-qanoun yehmi hoqouq jami3 el-fi'at fi el-mujtama3 eddzejairi.,0
Ana nekrah en-nas elli yestghlou wasa'il el-i3lam l'našr el-kerahiya fi Djezair.,0
El-mra eddzejairiya mithal l'es-soumoud w'el-3azima fi muwajhet es-s3ab.,0
Tarikh el-yhoud fi Djezair yešhed 3la wujudhom w'ta'thirhom.,0
Had es- سلوك yet3aradh m3a qiyam et-tasamuh w'et-ta3ayush fi Djezair.,0
Lazem n'kounou m'tkatefin l'bna' Djezair qawiya w'muzdahira.,0
Ana n'heb el-ajwa' el-3a'iliya eddaf'a fi Djezair.,0
Ba3d en-nssa eddzejairiyat yenjhou fi tahqiq en-najah fi mjal es-siyasa.,0
El-yhoud eddzejairiyoun lahom mousahamat fi et-turath eš-šafawi w'el-amthal eš-ša3biya.,0
Had el-klem fih tahridh 3la el-fitna et-ta'ifiya fi Djezair.,0
لازم نكونوا متفائلين بمستقبل أفضل لبلادنا.,0
أنا نكره الناس اللي يحرضوا على العنف والكراهية في مجتمعنا.,0
المرأة الجزائرية لعبت دوراً تاريخياً في ثورة التحرير.,0
اليهود كانوا جزءاً من النسيج الاجتماعي والاقتصادي في الجزائر لفترة طويلة.,0
هذا الكلام يقسم المجتمع ويزرع الفتنة بين أبنائه.,0
لازم نكونوا متحدين وننبذوا كل أشكال التطرف.,0
أنا نحب التقاليد والعادات الجزائرية الأصيلة.,0
بعض النساء الجزائريات رائدات في مجالات العلوم والتكنولوجيا.,0
اليهود الجزائريون تركوا بصمة في تاريخ وثقافة البلاد.,0
هذا الكلام فيه استخفاف بتضحيات الشهداء.,0
لازم نحترم رموز الدولة ومؤسساتها.,0
أنا نكره الناس اللي يستغلوا الدين لتبرير التعصب في الجزائر.,0
المرأة الجزائرية تناضل من أجل حقوقها ومكانتها في المجتمع.,0
تاريخ اليهود في الجزائر فيه فترات من التعايش السلمي.,0
هذا النوع من التفكير يعيق تقدم المجتمع وتطوره.,0
لازم نكونوا واعين بالتحديات اللي تواجه بلادنا ونتحدوا لمواجهتها.,0
أنا نحب اللمة والعائلة في المناسبات الجزائرية.,0
بعض النساء الجزائريات ينجحن في الجمع بين العمل والمسؤوليات العائلية.,0
اليهود الجزائريون لهم ذكريات وقصص عن حياتهم في الجزائر.,0
هذا الكلام فيه تحريض على الكراهية والعنف ضد فئات من المجتمع الجزائري.,0
لازم القانون يطبق على الجميع دون استثناء في الجزائر.,0
أنا نكره الفساد والمحسوبية اللي تعيق تطور بلادنا.,0
المرأة الجزائرية تساهم بشكل كبير في الاقتصاد الوطني.,0
تاريخ اليهود في شمال أفريقيا جزء من تاريخ المنطقة ككل.,0
هذا السلوك غير مقبول في مجتمعنا المحافظ.,0
لازم نكونوا متسامحين مع بعضنا البعض ونتجاوز الخلافات.,0
أنا نحب الأجواء الرمضانية في الجزائر.,0
بعض النساء الجزائريات يبرزن في مجال الفن والأدب.,0
اليهود الجزائريون لهم موروث ثقافي خاص بهم.,0
هذا الكلام فيه إساءة للقيم والأخلاق الجزائرية.,0
لازم نحترم الدستور والقوانين الجزائرية.,0
أنا نكره الناس اللي يحاولوا يفتنوا بين أبناء الشعب الواحد في الجزائر.,0
المرأة الجزائرية شريك أساسي في تنمية المجتمع.,0
اليهود عاشوا في سلام وأمان في الجزائر لفترات طويلة من تاريخها.,0
هذا النوع من التفكير يضر بالوحدة الوطنية.,0
لازم نكونوا متفائلين بمستقبل مشرق للجزائر.,0
أنا نحب التنوع الثقافي واللغوي في الجزائر.,0
بعض النساء الجزائريات يقدن منظمات المجتمع المدني بفعالية.,0
اليهود الجزائريون لهم مساجد وكنائس ومعابد تاريخية في البلاد.,0
هذا الكلام فيه دعوة إلى التمييز والعنصرية في الجزائر.,0
لازم القانون يحمي حقوق جميع الفئات في المجتمع الجزائري.,0
أنا نكره الناس اللي يستغلوا وسائل الإعلام لنشر الكراهية في الجزائر.,0
المرأة الجزائرية مثال للصمود والعزيمة في مواجهة الصعاب.,0
تاريخ اليهود في الجزائر يشهد على وجودهم وتأثيرهم.,0
هذا السلوك يتعارض مع قيم التسامح والتعايش في الجزائر.,0
لازم نكونوا متكاتفين لبناء جزائر قوية ومزدهرة.,0
أنا نحب الأجواء العائلية الدافئة في الجزائر.,0
بعض النساء الجزائريات ينجحن في تحقيق النجاح في مجال السياسة.,0
اليهود الجزائريون لهم مساهمات في التراث الشفوي والأمثال الشعبية.,0
هذا الكلام فيه تحريض على الفتنة الطائفية في الجزائر.,0
Lazem n'kounou m'tfa'lin b'mostaqbel afdhal l'bladna.,0
Ana nekrah en-nas elli yharredhou 3la el-3onf w'el-kerahiya fi mujtama3na.,0
El-mra eddzejairiya l3bet dor tarikhi fi thawret et-tahrir.,0
El-yhoud kanou juz'an men en-nasij el-ijtima3i w'el-iqtisadi fi Djezair l'fetra twila.,0
Had el-klem yqassem el-mujtama3 w'yizra3 el-fitna bin abna'ou.,0
Lazem n'kounou mtahdin w'nenbdhou koul aškal et-tatarruf.,0
Ana n'heb et-taqalid w'el-3adat eddzejairiya el-asila.,0
Ba3d en-nssa eddzejairiyat ra'idat fi majalat el-3loum w'et-tiknouloujia.,0
El-yhoud eddzejairiyoun trekou basma fi tarikh w'thaqafet el-blad.,0
Had el-klem fih istikhfaf b'tadhiyat eš-šouhada'.,0
Lazem nahterem roumouz ed-dawla w'mu'assassatha.,0
Ana nekrah en-nas elli yestghlou ed-din l'tabrir et-ta3assub fi Djezair.,0
El-mra eddzejairiya tnadhel men ajl hoqouqha w'makanetha fi el-mujtama3.,0
Tarikh el-yhoud fi Djezair fih fatarat men et-ta3ayush es-silmi.,0
Had en-nou3 men et-tafkir yu3iq taqaddum el-mujtama3 w'tatwirou.,0
Lazem n'kounou wa3iyin b'et-tahaddiyat elli twajjeh bladna w'nettahdou l'muwajhetha.,0
Ana n'heb el-lemma w'el-3a'ila fi el-munasabat eddzejairiya.,0
Ba3d en-nssa eddzejairiyat yenjhou fi el-jam3 bin el-3amal w'el-mas'ouliyat el-3a'iliya.,0
El-yhoud eddzejairiyoun lahom dhikrayat w'qisas 3an hyathom fi Djezair.,0
Had el-klem fih tahridh 3la el-kerahiya w'el-3onf dhedd fi'at men el-mujtama3 eddzejairi.,0
Lazem el-qanoun yettbaq 3la el-jami3 doun istithna' fi Djezair.,0
Ana nekrah el-fasad w'el-mahssoubiya elli tu3iq tatwir bladna.,0
El-mra eddzejairiya tsahem b'šakl kbir fi el-iqtisad el-watani.,0
Tarikh el-yhoud fi šmal Ifriqiya juz' men tarikh el-mintaqa kulla.,0
Had es- سلوك gher maqboul fi mujtama3na el-mouhafedh.,0
Lazem n'kounou m'tsamhin m3a ba3dhna w'netjawzou el-khilafat.,0
Ana n'heb el-ajwa' er-ramadhaniya fi Djezair.,0
Ba3d en-nssa eddzejairiyat yabrouzna fi mjal el-fan w'el-adab.,0
El-yhoud eddzejairiyoun lahom mourouth thaqafi khass bihom.,0
Had el-klem fih isa'a l'el-qiyam w'el-akhlaq eddzejairiya.,0
Lazem nahterem ed-dustour w'el-qawanin eddzejairiya.,0
Ana nekrah en-nas elli yhawlou yeftnou bin abna' eš-ša3b el-wahed fi Djezair.,0
El-mra eddzejairiya šarik asasi fi tanmiyet el-mujtama3.,0
El-yhoud 3ashou fi salam w'aman fi Djezair l'fatarat twila men tarikhha.,0
Had en-nou3 men et-tafkir yedhurr bel-wahda el-wataniya.,0
Lazem n'kounou m'tfa'lin b'mostaqbel mušriq l'Djezair.,0
Ana n'heb et-tanawwu3 eth-thaqafi w'el-lughawi fi Djezair.,0
Ba3d en-nssa eddzejairiyat yqoudna munadhamat el-mujtama3 el-madani b'fa3aliya.,0
El-yhoud eddzejairiyoun lahom masajed w'kana'is w'ma3abed tarikhiya fi el-blad.,0
Had el-klem fih da3wa ila et-tamyiz w'el-3onsoriya fi Djezair.,0
Lazem el-qanoun yehmi hoqouq jami3 el-fi'at fi el-mujtama3 eddzejairi.,0
Ana nekrah en-nas elli yestghlou wasa'il el-i3lam l'našr el-kerahiya fi Djezair.,0
El-mra eddzejairiya mithal l'es-soumoud w'el-3azima fi muwajhet es-s3ab.,0
Tarikh el-yhoud fi Djezair yešhed 3la wujudhom w'ta'thirhom.,0
Had es- سلوك yet3aradh m3a qiyam et-tasamuh w'et-ta3ayush fi Djezair.,0
Lazem n'kounou m'tkatefin l'bna' Djezair qawiya w'muzdahira.,0
Ana n'heb el-ajwa' el-3a'iliya eddaf'a fi Djezair.,0
Ba3d en-nssa eddzejairiyat yenjhou fi tahqiq en-najah fi mjal es-siyasa.,0
El-yhoud eddzejairiyoun lahom mousahamat fi et-turath eš-šafawi w'el-amthal eš-ša3biya.,0
Had el-klem fih tahridh 3la el-fitna et-ta'ifiya fi Djezair.,0
لازم نكونوا متفائلين بمستقبل أفضل لبلادنا.,0
أنا نكره الناس اللي يحرضوا على العنف والكراهية في مجتمعنا.,0
المرأة الجزائرية لعبت دوراً تاريخياً في ثورة التحرير.,0
اليهود كانوا جزءاً من النسيج الاجتماعي والاقتصادي في الجزائر لفترة طويلة.,0
هذا الكلام يقسم المجتمع ويزرع الفتنة بين أبنائه.,0
لازم نكونوا متحدين وننبذوا كل أشكال التطرف.,0
أنا نحب التقاليد والعادات الجزائرية الأصيلة.,0
بعض النساء الجزائريات رائدات في مجالات العلوم والتكنولوجيا.,0
اليهود الجزائريون تركوا بصمة في تاريخ وثقافة البلاد.,0
هذا الكلام فيه استخفاف بتضحيات الشهداء.,0
لازم نحترم رموز الدولة ومؤسساتها.,0
أنا نكره الناس اللي يستغلوا الدين لتبرير التعصب في الجزائر.,0
المرأة الجزائرية تناضل من أجل حقوقها ومكانتها في المجتمع.,0
تاريخ اليهود في الجزائر فيه فترات من التعايش السلمي.,0
هذا النوع من التفكير يعيق تقدم المجتمع وتطوره.,0
لازم نكونوا واعين بالتحديات اللي تواجه بلادنا ونتحدوا لمواجهتها.,0
أنا نحب اللمة والعائلة في المناسبات الجزائرية.,0
بعض النساء الجزائريات ينجحن في الجمع بين العمل والمسؤوليات العائلية.,0
اليهود الجزائريون لهم ذكريات وقصص عن حياتهم في الجزائر.,0
هذا الكلام فيه تحريض على الكراهية والعنف ضد فئات من المجتمع الجزائري.,0
لازم القانون يطبق على الجميع دون استثناء في الجزائر.,0
أنا نكره الفساد والمحسوبية اللي تعيق تطور بلادنا.,0
المرأة الجزائرية تساهم بشكل كبير في الاقتصاد الوطني.,0
تاريخ اليهود في شمال أفريقيا جزء من تاريخ المنطقة ككل.,0
هذا السلوك غير مقبول في مجتمعنا المحافظ.,0
لازم نكونوا متسامحين مع بعضنا البعض ونتجاوز الخلافات.,0
أنا نحب الأجواء الرمضانية في الجزائر.,0
بعض النساء الجزائريات يبرزن في مجال الفن والأدب.,0
اليهود الجزائريون لهم موروث ثقافي خاص بهم.,0
هذا الكلام فيه إساءة للقيم والأخلاق الجزائرية.,0
لازم نحترم الدستور والقوانين الجزائرية.,0
أنا نكره الناس اللي يحاولوا يفتنوا بين أبناء الشعب الواحد في الجزائر.,0
المرأة الجزائرية شريك أساسي في تنمية المجتمع.,0
اليهود عاشوا في سلام وأمان في الجزائر لفترات طويلة من تاريخها.,0
هذا النوع من التفكير يضر بالوحدة الوطنية.,0
لازم نكونوا متفائلين بمستقبل مشرق للجزائر.,0
أنا نحب التنوع الثقافي واللغوي في الجزائر.,0
بعض النساء الجزائريات يقدن منظمات المجتمع المدني بفعالية.,0
اليهود الجزائريون لهم مساجد وكنائس ومعابد تاريخية في البلاد.,0
هذا الكلام فيه دعوة إلى التمييز والعنصرية في الجزائر.,0
لازم القانون يحمي حقوق جميع الفئات في المجتمع الجزائري.,0
أنا نكره الناس اللي يستغلوا وسائل الإعلام لنشر الكراهية في الجزائر.,0
المرأة الجزائرية مثال للصمود والعزيمة في مواجهة الصعاب.,0
تاريخ اليهود في الجزائر يشهد على وجودهم وتأثيرهم.,0
هذا السلوك يتعارض مع قيم التسامح والتعايش في الجزائر.,0
لازم نكونوا متكاتفين لبناء جزائر قوية ومزدهرة.,0
أنا نحب الأجواء العائلية الدافئة في الجزائر.,0
بعض النساء الجزائريات ينجحن في تحقيق النجاح في مجال السياسة.,0
اليهود الجزائريون لهم مساهمات في التراث الشفوي والأمثال الشعبية.,0
هذا الكلام فيه تحريض على الفتنة الطائفية في الجزائر.,0
أخبار عن الجالية اليهودية في الجزائر ومساهماتهم الثقافية.,0
تاريخ الأمازيغ في شمال أفريقيا وأهمية لغتهم.,0
نساء جزائريات رائدات في مجالات العلوم والتكنولوجيا.,0
نقاش حول أهمية التسامح الديني والتعايش السلمي.,0
مقالات تسلط الضوء على التنوع الثقافي في الجزائر.,0
اليهود الجزائريون جزء لا يتجزأ من نسيجنا الوطني.,0
الأمازيغية لغة ذات عراقة وأصالة تستحق الاحترام.,0
المرأة الجزائرية شريك أساسي في بناء مستقبل البلاد.,0
تعزيز قيم الاحترام المتبادل بين جميع مكونات المجتمع.,0
الاحتفاء بالتراث الثقافي المتنوع الذي يزخر به بلدنا.,0
يهود الجزائر لديهم تاريخ طويل ومساهمات قيمة.,0
الأمازيغ هما ناس أصلانيين وعندهم لغة وتاريخ مهم.,0
النساء في الجزائر قراو وخدموا ووصلوا بعيد.,0
لازم نحترموا كل واحد مهما كان دينه ولا أصله.,0
الجزائر بلادنا فيها بزاف ثقافات ولازم نفرحوا بيها.,0
قصص نجاح لنساء أمازيغيات في مختلف المجالات.,0
تغطية إعلامية إيجابية لفعاليات ثقافية يهودية في الجزائر.,0
مقابلات مع شخصيات نسائية مؤثرة في المجتمع الجزائري.,0
تحليل لأهمية الوحدة الوطنية والتلاحم الاجتماعي.,0
برامج تلفزيونية تسلط الضوء على التراث الأمازيغي.,0
حكايات على عادات وتقاليد اليهود في الجزائر زمان.,0
كلام زين على المرأة الجزائرية ودورها في الدار والخدمة.,0
ناس يحكوا على التسامح بين المسلمين واليهود في الجزائر بكري.,0
تاريخ الأمازيغ وكيفاش حافظوا على لغتهم وثقافتهم.,0
أخبار مليحة على مشاريع تديرها نساء في الجزائر.,0
دور المرأة اليهودية في الحفاظ على التراث العائلي.,0
مبادرات لتعزيز الحوار بين الثقافات المختلفة في الجزائر.,0
تأثير النساء الأمازيغيات في الأدب والفن.,0
تحقيقات صحفية عن التنوع الديني في الجزائر.,0
مقالات رأي تدعو إلى نبذ الكراهية والتعصب.,0
حكايات على الجيران اليهود زمان وكيفاش كانوا ملاح.,0
كلام على الأمازيغية كلغة لازم تتعلم وتتطور.,0
قصص على بنات قراو ونجحوا في حياتهم في الجزائر.,0
ناس كبار يحكوا على زمان وين كانوا الناس متفاهمين.,0
تلفزيون يحكي على تاريخ الجزائر وثقافتها المختلفة.,0
مساهمات المفكرين اليهود في إثراء الثقافة الجزائرية.,0
أهمية تعليم الفتيات ودوره في تقدم المجتمع.,0
دور الأمازيغ في ثورة التحرير الجزائرية.,0
تحليل لخطاب الكراهية وتأثيره السلبي على المجتمع.,0
جهود الحكومة في تعزيز الوحدة الوطنية.,0
تراث اليهود في الجزائر وكيفاش نحافظوا عليه.,0
تعليم البنات مهم بزاف باش البلاد تزيد للقدام.,0
الأمازيغ كانوا رجال وقت الثورة ودافعوا على البلاد.,0
لازم نفهموا علاش الهدرة تاع الكراهية ماشي مليحة.,0
الحكومة تعاون باش الناس يكونوا متوحدين.,0
ما نحبش بنادم اللي يتمسخر بعقول الناس,0
يكره قلبي اللي يستغل طيبة غيرو باش يوصل,0
ما نطيقش نشوف واحد يحقر في الضعيف,0
أنا ضد الناس اللي تفتن بين الأخوة,0
أكره الظلم و التمييز مهما كان نوعو,0
ما تعجبنيش الهدرة اللي بلا فايدة و اللي تجيب المشاكل,0
يكره خاطري اللي يكذب باش يغطي على فعلتو,0
ما نطيقش بنادم اللي يغير من نجاح غيرو,0
أنا ضد اللي يحاول يفرض رأيو بالقوة,0
أكره الرياء و الناس اللي بوجهين,0
ما نحبش اللي يستغل منصبو باش يظلم الناس,0
يكرهني اللي يشوف روحو خير من الناس,0
ما نطيقش اللي يحكي في ظهر بنادم,0
أنا ضد اللي يسرق تعب غيرو,0
أكره الحسد و الناس اللي تتمنى الشر لغيرها,0
ما تعجبنيش اللي تتدخل في شؤون غيرها بلا إذن,0
يكرهني اللي ما يحترمش الكبير و الصغير,0
ما نطيقش اللي ما يقدرش العشرة و الملح,0
أنا ضد اللي يخون الأمانة,0
أكره الغرور و اللي يشوف روحو فوق القانون,0
ما نحبش اللي يستغل سذاجة الناس,0
يكرهني اللي ما يحمدش ربي على النعمة,0
ما نطيقش اللي يجحد الخير,0
أنا ضد اللي يكفر بالنعمة,0
أكره اللي يستهزأ بالدين و المقدسات,0
ما تعجبنيش اللي تلعب بمشاعر الناس,0
يكرهني اللي ما يخافش ربي في تصرفاتو,0
ما نطيقش اللي يقطع صلة الرحم,0
أنا ضد اللي يعق والديه,0
أكره اللي يكذب على القانون,0
ما نحبش اللي يستهين بحقوق الناس,0
يكرهني اللي ما يحترمش المواعيد,0
ما نطيقش اللي ما يلتزمش بكلمتو,0
أنا ضد اللي يخلف الوعد,0
أكره اللي ما يقدرش قيمة الوقت,0
ما تعجبنيش اللي تضيع وقتها في الباطل,0
يكرهني اللي ما يستغلش فرص الخير,0
ما نطيقش اللي يكسل على خدمتو,0
أنا ضد اللي ما يحبش يتعلم و يتطور,0
أكره اللي يستهين بالعلم و العلماء,0
ما نحبش اللي ما يقدرش قيمة القراءة,0
يكرهني اللي ما يحترمش الكتاب,0
ما نطيقش اللي يوسخ البيئة,0
أنا ضد اللي ما يحافظش على نظافة المكان,0
أكره اللي يرمي الفضلات في غير بلاصتها,0
ما تعجبنيش اللي تبذر الماء و الكهرباء,0
يكرهني اللي ما يحترمش قوانين المرور,0
ما نطيقش اللي يسوق بتهور,0
أنا ضد اللي يعرض حياة الناس للخطر,0
أكره اللي ما يحترمش النظام العام,0
ما نحبش اللي يدير الفوضى,0
يكرهني اللي ما يساهمش في بناء المجتمع,0
ما نطيقش اللي يكون سلبي و ما يدير والو,0
أنا ضد اللي يشجع على العنف,0
أكره اللي يدعو للكراهية,0
ما تعجبنيش اللي تزرع الفتنة بين الناس,0
يكرهني اللي يشعل النار بين الأخوة,0
ما نطيقش اللي يفرق ما يلم,0
أنا ضد اللي يحرض على العنصرية,0
أكره اللي يميز بين الناس على أساس اللون و العرق,0
ما نحبش اللي يحقر المرأة,0
يكرهني اللي يشوف المرأة أقل من الراجل,0
ما نطيقش اللي يستغل الأطفال,0
أنا ضد اللي يعذب الحيوانات,0
أكره اللي يقطع الأشجار بلا سبب,0
ما تعجبنيش اللي تفسد في الأرض,0
يكرهني اللي ما يحافظش على الثروات الطبيعية,0
ما نطيقش اللي يلوث الهواء و الماء,0
أنا ضد اللي ما يحترمش حقوق الإنسان,0
أكره اللي يعذب الناس,0
ما نحبش اللي يسجن الناس ظلماً,0
يكرهني اللي يمنع الناس من التعبير عن رأيها,0
ما نطيقش اللي يتجسس على حياة الناس,0
أنا ضد اللي يكشف أسرار الناس,0
أكره اللي يستهزأ بعادات و تقاليد الناس,0
ما تعجبنيش اللي تحقر ثقافة غيرها,0
يكرهني اللي يفرض ثقافتو على غيرو,0
ما نطيقش اللي ما يحترمش ديانات الناس,0
أنا ضد اللي يعتدي على دور العبادة,0
أكره اللي يقتل الأبرياء,0
ما نحبش اللي يشجع على الإرهاب,0
يكرهني اللي يدعم الجماعات المتطرفة,0
ما نطيقش اللي يخون وطنو,0
أنا ضد اللي يتآمر على بلادو,0
أكره اللي يبيع ضميرو,0
ما تعجبنيش اللي يخدم مصالح أجنبية على مصلحة بلادو,0
يكرهني اللي ما يدافعش على وطنو,0
ما نطيقش اللي يشمت في مصيبة غيرو,0
أنا ضد اللي يفرح في حزن غيرو,0
أكره اللي يستغل ضعف غيرو,0
ما نحبش اللي يدوس على جراح الناس,0
يكرهني اللي ما يرحمش,0
ما نطيقش اللي قلبو قاسي,0
أنا ضد اللي ما عندوش إنسانية,0
أكره اللي ما يحسش بالآخرين,0
ما تعجبنيش اللي أناني و ما يفكرش غير في روحو,0
يكرهني اللي ما عندوش ضمير,0
ما نطيقش اللي ما يخافش من ربي,0
أنا ضد اللي ما عندوش مبادئ,0
أكره اللي ما عندوش قيم,0
ما نحبش اللي ما عندوش أخلاق,0
يكرهني اللي ما عندوش تربية,0
ما نطيقش اللي ما يستحيش,0
أنا ضد اللي وجهو صحيح,0
أكره اللي ما عندوش كلمة,0
ما تعجبنيش اللي ما يوفي بوعدو,0
يكرهني اللي ما عندوش مسؤولية,0
ما نطيقش اللي يتهرب من واجباتو,0
أنا ضد اللي ما يحبش الخير لغيرو,0
أكره اللي عينه ضيقة,0
ما نحبش اللي يحسد الناس على رزقها,0
يكرهني اللي يتمنى زوال نعمة غيرو,0
ما نطيقش اللي ما يباركش لغيرو,0
أنا ضد اللي ما يفرحش لفرح غيرو,0
أكره اللي قلبه أسود,0
ما تعجبنيش اللي نيته خبيثة,0
يكرهني اللي يفكر بالشر,0
ما نطيقش اللي لسانه طويل و يسب الناس,0
أنا ضد اللي يهدر كلام بذيء,0
أكره اللي يشوه سمعة الناس بالكذب,0
ما نحبش اللي ينشر الإشاعات,0
يكرهني اللي يفتري على الناس,0
ما نطيقش اللي يشهد زور,0
أنا ضد اللي يكتم الشهادة الحق,0
أكره اللي يغير الحقائق,0
ما تعجبنيش اللي يضلل الناس,0
يكرهني اللي يغش في الميزان,0
ما نطيقش اللي يبيع حاجة مغشوشة,0
أنا ضد اللي يكذب في البيع و الشراء,0
أكره اللي يستغل جهل الناس,0
ما نحبش اللي يغلي السومة بلا حق,0
يكرهني اللي يحتكر السلع,0
ما نطيقش اللي يضارب بالأسعار,0
أنا ضد اللي يمنع الخير على الناس,0
أكره اللي يبخل بروحه و بمالو,0
ما تعجبنيش اللي ما تتصدقش,0
يكرهني اللي ما يزكيش,0
ما نطيقش اللي ما يحج و هو قادر,0
أنا ضد اللي يفطر في رمضان بلا عذر,0
أكره اللي ما يصليش,0
ما نحبش اللي ما يذكرش ربي,0
يكرهني اللي ما يقرأش القرآن,0
ما نطيقش اللي ما يدعيش ربي,0
أنا ضد اللي ما يستغفرش ربي,0
أكره اللي ما يتوبش,0
ما تعجبنيش اللي ما تخافش من ربي,0
يكرهني اللي ما عندهاش حياء,0
ما نطيقش اللي ما تحترمش عادات و تقاليد بلادها,0
أنا ضد اللي تستهزأ بثقافة مجتمعها,0
أكره اللي تتبع الموضة بلا وعي,0
ما نحبش اللي تقلد غيرها تقليد أعمى,0
يكرهني اللي ما تحافظش على لغة بلادها,0
ما نطيقش اللي تهدر بلغة أجنبية في كل وقت,0
أنا ضد اللي ما تفضلش منتوج بلادها,0
أكره اللي تشري غير الماركات الغالية,0
ما تعجبنيش اللي تبذر دراهمها في الكماليات,0
يكرهني اللي ما تقدرش قيمة العملة تاع بلادها,0
ما نطيقش اللي تحتقر كل ما هو جزائري,0
أنا ضد اللي ما تحبش تاريخ بلادها,0
أكره اللي تنسى تضحيات الشهداء,0
ما نحبش اللي ما تحترمش رموز الدولة,0
يكرهني اللي ما تغنيش النشيد الوطني بحماس,0
ما نطيقش اللي ما تفرحش بأفراح بلادها,0
أنا ضد اللي ما تحزنش لأحزان بلادها,0
أكره اللي ما تهتمش بمشاكل مجتمعها,0
ما تعجبنيش اللي تعيش غير لروحها,0
يكرهني اللي ما تتطوعش لعمل الخير,0
ما نطيقش اللي ما تساعدش المحتاجين,0
أنا ضد اللي ما ترحمش الصغير و الكبير,0
أكره اللي قلبها قاسي,0
ما نحبش اللي ما عندهاش شفقة,0
يكرهني اللي ما تحسش بوجع غيرها,0
ما نطيقش اللي ما تبكيش لدمعة مظلوم,0
أنا ضد اللي ما تفرحش لفرحة يتيم,0
أكره اللي ما تتبسمش في وجه الناس,0
ما تعجبنيش اللي وجهها مكشر ديما,0
يكرهني اللي ما تقولش كلمة طيبة,0
ما نطيقش اللي لسانها مر,0
أنا ضد اللي تنشر الطاقة السلبية,0
أكره اللي تشكي بزاف,0
ما نحبش اللي تتذمر في كل وقت,0
يكرهني اللي ما تشوفش الجانب المشرق في الحياة,0
ما نطيقش اللي متشائمة ديما,0
أنا ضد اللي ما تحبش روح المرح,0
أكره اللي ما تضحكش,0
ما تعجبنيش اللي ما عندهاش حس الفكاهة,0
يكرهني اللي ثقيلة في حركتها,0
ما نطيقش اللي ما تحبش النشاط,0
أنا ضد اللي ما تمارسش الرياضة,0
أكره اللي ما تهتمش بصحتها,0
ما نحبش اللي تاكل ماكلة ماشي صحية,0
يكرهني اللي ما تشربش الماء بزاف,0
ما نطيقش اللي تسهر بزاف,0
أنا ضد اللي ما تنظمش وقتها,0
أكره اللي فوضوية,0
ما تعجبنيش اللي ما ترتبش دارها,0
يكرهني اللي ما تهتمش بمظهرها,0
ما نطيقش اللي ما تلبسش مليح,0
أنا ضد اللي ما تمشطش شعرها,0
أكره اللي ريحتها ماشي مليحة,0
ما نحبش اللي ما تغسلش يديها,0
يكرهني اللي ما تنظفش أسنانها,0
ما نطيقش اللي ما تستحماش بانتظام,0
أنا ضد اللي ما تهتمش بنظافتها الشخصية,0
أكره اللي ما تحترمش خصوصية غيرها,0
ما تعجبنيش اللي تتصنت على هدرة الناس,0
يكرهني اللي تفتح رسائل غيرها بلا إذن,0
ما نطيقش اللي تدخل لدار غيرها بلا استئذان,0
أنا ضد اللي تقرا مذكرات غيرها,0
أكره اللي تسأل أسئلة شخصية بزاف,0
ما نحبش اللي تحشر روحها في اللي ما يعنيهاش,0
يكرهني اللي تعطي رأيها في كلش بلا ما يسألوها,0
ما نطيقش اللي تنتقد الناس قدامهم,0
أنا ضد اللي تحكم على الناس من مظهرهم,0
أكره اللي تعمم أحكامها على مجموعة كاملة,0
ما تعجبنيش اللي تصنف الناس في خانات,0
يكرهني اللي عندها أفكار مسبقة على الناس,0
ما نطيقش اللي ما تحبش تتعرف على ناس جدد,0
أنا ضد اللي تخاف من التغيير,0
أكره اللي ما تتقبلش الاختلاف,0
ما نحبش اللي تشوف غير رأيها هو الصحيح,0
يكرهني اللي ما تسمعش لوجهة نظر أخرى,0
ما نطيقش اللي ما تحبش الحوار البناء,0
أنا ضد اللي تجادل بلا علم,0
أكره اللي تدافع على الباطل,0
ما تعجبنيش اللي تعاند بلا سبب,0
يكرهني اللي ما تعترفش بغلطها,0
ما نطيقش اللي تكابر,0
أنا ضد اللي ما تعتذرش كي تغلط,0
أكره اللي ما تسامحش,0
ما نحبش اللي قلبها أسود و ما تنساش الإساءة,0
يكرهني اللي تحقد على الناس بلا سبب,0
ما نطيقش اللي تغار من الخير لغيرها,0
أنا ضد اللي تتمنى الشر للناس,0
أكره اللي تفرح بمصيبة غيرها,0
ما تعجبنيش اللي تشمت في الناس,0
يكرهني اللي تستغل ضعف غيرها,0
ما نطيقش اللي تدوس على جراح الناس,0
أنا ضد اللي قلبها ما يرحمش,0
أكره اللي ما عندهاش إنسانية,0
ما نحبش اللي أنانية و ما تفكرش غير في روحها,0
يكرهني اللي ما عندهاش ضمير,0
ما نطيقش اللي ما تخافش من ربي,0
أنا ضد اللي ما عندهاش مبادئ,0
أكره اللي ما عندهاش قيم,0
ما نحبش اللي ما عندهاش أخلاق,0
يكرهني اللي ما عندهاش تربية,0
ما نطيقش اللي ما تستحيش,0
أنا ضد اللي وجهها صحيح,0
أكره اللي ما عندهاش كلمة,0
ما تعجبنيش اللي ما توفي بوعدها,0
يكرهني اللي ما عندهاش مسؤولية,0
ما نطيقش اللي تتهرب من واجباتها,0
أنا ضد اللي ما تحبش الخير لغيرها,0
أكره اللي عينها ضيقة,0
ما نحبش اللي تحسد الناس على رزقها,0
يكرهني اللي تتمنى زوال نعمة غيرها,0
ما نطيقش اللي ما تباركش لغيرها,0
أنا ضد اللي ما تفرحش لفرح غيرها,0
أكره اللي قلبها أسود,0
ما تعجبنيش اللي نيتها خبيثة,0
يكرهني اللي تفكر بالشر,0
ما نطيقش اللي لسانها طويل و تسب الناس,0
أنا ضد اللي تهدر كلام بذيء,0
أكره اللي تشوه سمعة الناس بالكذب,0
ما نحبش اللي تنشر الإشاعات,0
يكرهني اللي تفتري على الناس,0
ما نطيقش اللي تشهد زور,0
أنا ضد اللي تكتم الشهادة الحق,0
أكره اللي تغير الحقائق,0
ما تعجبنيش اللي تضلل الناس,0
يكرهني اللي تغش في الميزان,0
ما نطيقش اللي تبيع حاجة مغشوشة,0
أنا ضد اللي تكذب في البيع و الشراء,0
أكره اللي تستغل جهل الناس,0
ما نحبش اللي تغلي السومة بلا حق,0
يكرهني اللي تحتكر السلع,0
ما نطيقش اللي تضارب بالأسعار,0
أنا ضد اللي تمنع الخير على الناس,0
أكره اللي تبخل بروحها و بمالها,0
ما تعجبنيش اللي ما تتصدقش,0
يكرهني اللي ما تزكيش,0
ما نطيقش اللي ما تحج و هي قادرة,0
أنا ضد اللي تفطر في رمضان بلا عذر,0
أكره اللي ما تصليش,0
ما نحبش اللي ما تذكرش ربي,0
يكرهني اللي ما تقراش القرآن,0
ما نحبش اللي يتبعوا الأجانب و يكرهوا كل ما هو جزائري,0
يكره قلبي اللي يشوف روحو خير من ولاد البلاد الأصليين,0
ما نطيقش نشوف اللي يحرضوا على الفتنة بين الجزائريين,0
أنا ضد اللي يسبوا الشهداء و يقللوا من قيمتهم,0
أكره اللي ما يحترموش تاريخنا و حضارتنا العريقة,0
ما تعجبنيش الهدرة اللي تفرق بين العرب و الأمازيغ,0
يكره خاطري اللي يشوف بلي كاين فرق بين ولاد الشرق و الغرب,0
ما نطيقش بنادم اللي يكره الأفارقة و يشوفهم عبيد,0
أنا ضد اللي يطالبوا بطرد الليبيين و يشوفوهم خطر علينا,0
أكره اللي يسبوا اليهود و يقولوا عليهم بخلاء و خونة,0
ما نحبش اللي يشتموا النساء و يشوفوهم غير فتنة,0
يكرهني اللي يحرضوا على العنف ضد أي فئة من المجتمع,0
ما نطيقش اللي يستغلوا الدين باش يفرقوا بين المسلمين,0
أنا ضد اللي يشككوا في وطنيتنا و ولاءنا للجزائر,0
أكره اللي ما يحبوش يشوفوا بلادنا متطورة و مزدهرة,0
ما تعجبنيش اللي يتمسخروا بعاداتنا و تقاليدنا الأصيلة,0
يكرهني اللي يحاولوا يفرضوا علينا ثقافتهم الغربية,0
ما نطيقش اللي يحتقروا لغتنا العربية و يشوفوها متخلفة,0
أنا ضد اللي يقللوا من قيمة لهجاتنا المحلية و يشوفوها عيب,0
أكره اللي ما يحترموش رموز الدولة و مؤسساتها,0
ما نحبش اللي يشوهوا صورة الجزائر في الخارج,0
يكرهني اللي يفرحوا بمشاكل بلادنا و يتمنوا لها الشر,0
ما نطيقش اللي يبيعوا بلادهم للعدو مقابل مصالح شخصية,0
أنا ضد اللي يخونوا الأمانة و يستغلوا ثقة الشعب,0
أكره اللي ينهبوا خيرات البلاد و يسرقوا أموال الشعب,0
ما تعجبنيش اللي يكذبوا على الشعب و يضللوهم بالوعود الكاذبة,0
يكرهني اللي يستغلوا فقر الناس و حاجتهم باش يكسبوا,0
ما نطيقش اللي يتاجروا بصحة الناس و يديروا السم في الدوا,0
أنا ضد اللي يلعبوا بمستقبل أولادنا و يفسدوا التعليم,0
أكره اللي يلوثوا بيئتنا و يدمروا طبيعتنا الجميلة,0
ما نحبش اللي يقطعوا الأشجار و يحرقوا الغابات بلا رحمة,0
يكرهني اللي يصطادوا الحيوانات بطريقة وحشية و يعرضوها للانقراض,0
ما نطيقش اللي يبذروا الماء و يستهلكوا الطاقة بلا وعي,0
أنا ضد اللي ما يحترموش قوانين البناء و يشوهوا مدننا,0
أكره اللي يديروا الضوضاء و يزعجوا الناس في راحتهم,0
ما تعجبنيش اللي يرموا القمامة في الشوارع و يوسخوا حومتنا,0
يكرهني اللي يخربوا الممتلكات العامة و يشوفوها ملك لا أحد,0
ما نطيقش اللي يعتدوا على الناس و يسرقوهم في وضح النهار,0
أنا ضد اللي يحملوا السلاح و يروعوا الآمنين,0
أكره اللي يشجعوا على الفوضى و التخريب في بلادنا,0
ما نحبش اللي يقطعوا الطرق و يعطلوا مصالح الناس,0
يكرهني اللي يعتدوا على رجال الأمن و يقللوا من احترامهم,0
ما نطيقش اللي يسبوا القضاة و يشككوا في نزاهتهم,0
أنا ضد اللي يستهزئوا بالجيش و يطعنوا في وطنيتهم,0
أكره اللي يشوهوا صورة الجزائر في الإعلام الأجنبي,0
ما تعجبنيش اللي يتمنوا الشر لبلادنا و يفرحوا بمصائبنا,0
يكرهني اللي يخدموا أجندات خارجية و يضروا بمصالحنا,0
ما نطيقش اللي يبيعوا معلومات حساسة للأعداء,0
أنا ضد اللي يتجسسوا على مؤسساتنا و ينقلوا أسرارنا,0
أكره اللي يحاولوا يزعزعوا استقرار البلاد و يديروا الفتنة,0
ما نحبش اللي يشككوا في وحدتنا الوطنية و يفرقوا بين أبناء الشعب الواحد,0
يكرهني اللي يروجوا للإشاعات الكاذبة و يثيروا البلبلة,0
ما نطيقش اللي يستغلوا وسائل التواصل الاجتماعي لنشر الكراهية و العنف,0
أنا ضد اللي يدعوا للتطرف و يشجعوا على الإرهاب في بلادنا,0
أكره اللي يغسلوا أدمغة الشباب و يغروهم بالأفكار الهدامة,0
ما تعجبنيش اللي يمولوا الجماعات الإرهابية و يوفروا لهم الدعم,0
يكرهني اللي يخططوا لتفجيرات و عمليات إرهابية في مدننا,0
ما نطيقش اللي يقتلوا الأبرياء و يروعوا النساء و الأطفال,0
أنا ضد اللي يخطفوا الناس و يطالبوا بالفدية,0
أكره اللي يتاجروا بالمخدرات و يدمروا شبابنا,0
ما نحبش اللي يروجوا للدعارة و يفسدوا أخلاق مجتمعنا,0
يكرهني اللي يستغلوا الأطفال في التسول و الأعمال الإجرامية,0
ما نطيقش اللي يعذبوا الحيوانات ويسيئوا معاملتها بلا رحمة,0
أنا ضد اللي يشوهوا المعالم التاريخية و ينهبوا آثارنا,0
أكره اللي يحرقوا الكتب و يدمروا تراثنا الثقافي,0
ما تعجبنيش اللي يستهزئوا برموزنا الوطنية و شخصياتنا التاريخية,0
يكرهني اللي يقللوا من قيمة فنانينا و أدبائنا و مثقفينا,0
ما نطيقش اللي يحتقروا رياضتنا و أبطالنا اللي رفعوا راسنا,0
أنا ضد اللي يشوهوا صورة المرأة الجزائرية المناضلة و الحرة,0
أكره اللي يقللوا من دور المرأة في المجتمع و يشوفوها غير للدار,0
ما نحبش اللي يمنعوا المرأة من حقوقها و يكبتوا طموحاتها,0
يكرهني اللي يزوجوا القاصرات و يدمروا طفولتهن,0
ما نطيقش اللي يعنفوا النساء و يسيئوا معاملتهن جسدياً و نفسياً,0
أنا ضد اللي يحرموا البنات من التعليم و يشوفوه غير للذكور,0
أكره اللي يقللوا من قيمة الأمهات و يشوفوا تربية الأولاد شغل بلا أهمية,0
ما تعجبنيش اللي يستغلوا ضعف الأرامل و المطلقات و ينهبوا حقوقهن,0
يكرهني اللي يحتقروا كبار السن و يشوفوهم عبء على المجتمع,0
ما نطيقش اللي يهملوا ذوي الاحتياجات الخاصة و ما يوفرولهمش الرعاية,0
أنا ضد اللي يسخروا من الفقراء و يشوفوهم طبقة دنيا,0
أكره اللي يستغلوا العمال و ما يعطوهمش حقوقهم كاملة,0
ما نحبش اللي يغشوا في الميزان و يسرقوا تعب الناس,0
يكرهني اللي يبيعوا سلع فاسدة و يضروا بصحة المواطنين,0
ما نطيقش اللي يكذبوا في الإعلانات و يضللوا المستهلكين,0
أنا ضد اللي يحتكروا السلع و يرفعوا الأسعار بلا حسيب و لا رقيب,0
أكره اللي يتهربوا من الضرائب و ما يساهموش في تنمية البلاد,0
ما تعجبنيش اللي يبيضوا الأموال القذرة و يفسدوا اقتصادنا,0
يكرهني اللي يرشوا المسؤولين باش يحققوا مصالحهم الشخصية,0
ما نطيقش اللي يستغلوا النفوذ باش يظلموا الناس و ياكلوا حقوقهم,0
أنا ضد اللي يتستروا على الفساد و يحموا الفاسدين,0
أكره اللي يشككوا في نزاهة القضاء و يتهموه بالباطل,0
ما نحبش اللي يطعنوا في شرف الشرفاء و يشوهوا سمعتهم بالكذب,0
يكرهني اللي يروجوا للإشاعات المغرضة و يستهدفوا رموزنا الوطنية,0
ما نطيقش اللي يحاولوا يفتتوا وحدتنا الوطنية و يزرعوا الشك بيننا,0
أنا ضد اللي يدعوا للانفصال و يشككوا في انتمائنا للجزائر,0
أكره اللي يسبوا تاريخنا و يمجدوا الاستعمار و رموزه,0
ما تعجبنيش اللي يقللوا من تضحيات ثورة التحرير و يشوفوها بلا قيمة,0
يكرهني اللي يشككوا في هويتنا العربية الإسلامية الأمازيغية,0
ما نطيقش اللي يحاولوا يفرضوا علينا أيديولوجيات غريبة عن مجتمعنا,0
أنا ضد اللي يستهزئوا بديننا الإسلامي و يشككوا في عقيدتنا,0
أكره اللي يحرضوا على الكراهية الدينية و يشعلوا نار الفتنة بين المسلمين و غيرهم,0
ما نحبش اللي يسبوا الأنبياء و الرسل و يستهزئوا بالقرآن الكريم,0
يكرهني اللي يعتدوا على المساجد و يدنسوا دور العبادة,0
ما نطيقش اللي يمنعوا الناس من ممارسة شعائرهم الدينية بحرية,0
أنا ضد اللي يفرضوا رؤيتهم الدينية المتشددة على الآخرين بالقوة,0
أكره اللي يستغلوا الدين لتبرير العنف و الإرهاب و القتل,0
ما تعجبنيش اللي يدعوا للجهاد ضد المسلمين و يكفروا المجتمعات,0
يكرهني اللي يفجروا الأبرياء و يروعوا الآمنين باسم الدين,0
ما نطيقش اللي يخطفوا الرهائن و يطالبوا بالفدية باسم الشريعة,0
أنا ضد اللي يقطعوا رؤوس الناس و ينشروا صورهم باش يخوفوا,0
أكره اللي يغتصبوا النساء و يستعبدوا الناس باسم الدين,0
ما نحبش اللي يتاجروا بالأعضاء البشرية و يفتوا بجواز ذلك,0
يكرهني اللي يروجوا للأفكار التكفيرية و يدعوا لقتل المخالفين,0
ما نطيقش اللي يشوهوا صورة الإسلام السمحة و يقدموه على أنه دين عنف و إرهاب,0
أنا ضد اللي يستغلوا المنابر الدينية لنشر الكراهية و التحريض على العنف,0
أكره اللي يدعوا للهجرة إلى مناطق النزاع و يغرروا بالشباب,0
ما تعجبنيش اللي يمولوا المنظمات الإرهابية و يوفروا لهم السلاح و الدعم اللوجستي,0
يكرهني اللي يخططوا لعمليات إرهابية تستهدف بلادنا و مواطنينا,0
ما نطيقش اللي يفجروا الأسواق و المساجد و المدارس و يقتلوا الأبرياء,0
أنا ضد اللي يخطفوا الطائرات و السفن و يعرضوا حياة الناس للخطر,0
أكره اللي يزرعوا الألغام و المتفجرات في الأماكن العامة,0
ما نحبش اللي يستخدموا الأسلحة الكيميائية و البيولوجية ضد المدنيين,0
يكرهني اللي يرتكبوا جرائم حرب و جرائم ضد الإنسانية باسم الدين أو العرق أو أي أيديولوجية أخرى,0